"File","Path","Size","modified Time","Access Time","Created Time","MD5","Owner","Group","Mode"
"alibaba.lp","C:\Users\Auime\OneDrive\Code\PythonScripts\alibaba.lp","25922","Thu Oct 17 22:55:44 2019","Sun Jun 18 01:20:58 2023","Fri Apr 28 22:52:44 2023","608C858C9825311338FB5329A68CBBEA","0","0","33206"
"ArithmeticCoding.py","C:\Users\Auime\OneDrive\Code\PythonScripts\ArithmeticCoding.py","1722","Fri Mar 17 22:11:00 2023","Sun Jun 18 01:20:58 2023","Fri Apr 28 22:51:52 2023","39A40808EAC3534585AD5722C2382E4B","0","0","33206"
"arithmetic_coding.csv","C:\Users\Auime\OneDrive\Code\PythonScripts\arithmetic_coding.csv","476","Tue Mar 14 11:47:27 2023","Sun Jun 18 01:20:58 2023","Fri Apr 28 22:51:52 2023","2FD92A127A6DD41FF499461373DD86A9","0","0","33206"
"cookies.pkl","C:\Users\Auime\OneDrive\Code\PythonScripts\cookies.pkl","1485","Mon Jun 15 23:35:09 2020","Sun Jun 18 01:20:58 2023","Fri Apr 28 22:52:44 2023","1B707CBA9F87B419F880C2CA87E919A9","0","0","33206"
"debug.log","C:\Users\Auime\OneDrive\Code\PythonScripts\debug.log","75267","Tue Jun 30 20:02:10 2020","Sun Jun 18 01:20:58 2023","Fri Apr 28 22:52:44 2023","2EB1E049FA7AD03CEA734D89A4957E1A","0","0","33206"
"douban_cookie.py","C:\Users\Auime\OneDrive\Code\PythonScripts\douban_cookie.py","239","Mon Jun 15 23:34:38 2020","Sun Jun 18 01:20:58 2023","Fri Apr 28 22:52:44 2023","B1C074959E18F774F9FB87764E12DD86","0","0","33206"
"download_pic.py","C:\Users\Auime\OneDrive\Code\PythonScripts\download_pic.py","893","Tue Apr 21 23:54:46 2020","Sun Jun 18 01:20:58 2023","Fri Apr 28 22:52:40 2023","689FEBC59AF6FA5E39EA450128DF9857","0","0","33206"
"eight_thousand_ut8","C:\Users\Auime\OneDrive\Code\PythonScripts\eight_thousand_ut8","16063","Mon Mar 20 03:23:00 2023","Sun Jun 18 01:20:58 2023","Fri Apr 28 22:51:50 2023","57AFF7F9965661A61F9DC63720AC3CC6","0","0","33206"
"eight_thousand_ut8.sql","C:\Users\Auime\OneDrive\Code\PythonScripts\eight_thousand_ut8.sql","24660","Mon Mar 20 03:28:57 2023","Sun Jun 18 01:20:58 2023","Fri Apr 28 22:51:50 2023","A0D0BE18E3B6B0DD1AD6E0F79453C217","0","0","33206"
"geckodriver.log","C:\Users\Auime\OneDrive\Code\PythonScripts\geckodriver.log","0","Mon Jun 15 23:26:05 2020","Sun Jun 18 01:20:29 2023","Fri Apr 28 22:52:44 2023","D41D8CD98F00B204E9800998ECF8427E","0","0","33206"
"generate_sql_with_eight_thousand_utf8_hanzi.py","C:\Users\Auime\OneDrive\Code\PythonScripts\generate_sql_with_eight_thousand_utf8_hanzi.py","228","Mon Mar 20 03:28:55 2023","Sun Jun 18 01:20:58 2023","Fri Apr 28 22:51:50 2023","8BEB986B96336997DBDC43CCAE0D17E7","0","0","33206"
"gen_mybatis_sql.py","C:\Users\Auime\OneDrive\Code\PythonScripts\gen_mybatis_sql.py","131","Mon Mar 20 14:56:38 2023","Sun Jun 18 01:20:58 2023","Fri Apr 28 22:51:50 2023","E583C3D4B4142218E59A9E1AF1C3B838","0","0","33206"
"http_server3.py","C:\Users\Auime\OneDrive\Code\PythonScripts\http_server3.py","1621","Tue Mar 31 21:01:48 2020","Sun Jun 18 01:20:58 2023","Fri Apr 28 22:54:10 2023","D61975C30722CD97D64BEA2E5D799709","0","0","33206"
"magnent2torrent.py","C:\Users\Auime\OneDrive\Code\PythonScripts\magnent2torrent.py","1248","Sat Jun  6 16:51:23 2020","Sun Jun 18 01:20:58 2023","Fri Apr 28 22:52:44 2023","9F4FA3523A633A5B897D0662AD03D85E","0","0","33206"
"main.py","C:\Users\Auime\OneDrive\Code\PythonScripts\main.py","703","Fri Jun 17 10:58:24 2022","Sun Jun 18 01:20:58 2023","Fri Apr 28 22:52:40 2023","88DE9AE0898C269C57B455EB050D60B2","0","0","33206"
"main2.py","C:\Users\Auime\OneDrive\Code\PythonScripts\main2.py","376","Fri Jun 17 11:28:13 2022","Sun Jun 18 01:20:58 2023","Fri Apr 28 22:52:40 2023","A5F479A91A0354BB88380B3640E9C7E1","0","0","33206"
"reportfileSystemReport.csv","C:\Users\Auime\OneDrive\Code\PythonScripts\reportfileSystemReport.csv","0","Sun Jun 18 01:20:58 2023","Sun Jun 18 01:20:58 2023","Sun Jun 18 01:18:48 2023","D41D8CD98F00B204E9800998ECF8427E","0","0","33206"
"sample.js","C:\Users\Auime\OneDrive\Code\PythonScripts\sample.js","1643907","Fri Apr 21 03:38:24 2023","Sun Jun 18 01:20:58 2023","Fri Apr 28 22:51:44 2023","EC794958C69F32942494576DF8CFE0BF","0","0","33206"
"temp","C:\Users\Auime\OneDrive\Code\PythonScripts\temp","82","Mon Mar 20 14:51:10 2023","Sun Jun 18 01:20:58 2023","Fri Apr 28 22:51:50 2023","0E7F473443BAA4364040B4FB341853B9","0","0","33206"
"test.cpp","C:\Users\Auime\OneDrive\Code\PythonScripts\test.cpp","697","Sat May  9 22:53:20 2020","Sun Jun 18 01:20:58 2023","Fri Apr 28 22:52:44 2023","D285FCC4F3EF8D62C0B83CE579D761F4","0","0","33206"
"test.exe","C:\Users\Auime\OneDrive\Code\PythonScripts\test.exe","88383","Sat May  9 22:53:21 2020","Sun Jun 18 01:20:58 2023","Fri Apr 28 22:52:44 2023","2B49AF79D78815F075FA1D2EE4844A0E","0","0","33279"
"test.py","C:\Users\Auime\OneDrive\Code\PythonScripts\test.py","930","Thu Aug  6 15:57:02 2020","Sun Jun 18 01:20:58 2023","Fri Apr 28 22:52:44 2023","0EE9102C981CA657154D633D1D71A369","0","0","33206"
"text.txt","C:\Users\Auime\OneDrive\Code\PythonScripts\text.txt","2376","Tue Aug  4 16:17:35 2020","Sun Jun 18 01:20:58 2023","Fri Apr 28 22:52:44 2023","1F4C948461EF9DCB1CD1FF4EBE097F81","0","0","33206"
"wallpaper.py","C:\Users\Auime\OneDrive\Code\PythonScripts\wallpaper.py","623","Fri Jun 19 01:30:02 2020","Sun Jun 18 01:20:58 2023","Fri Apr 28 22:52:44 2023","D552F04B75FEF5DEA50BAAB8EA2356DF","0","0","33206"
"xvideos_downloader_zstandard.7z","C:\Users\Auime\OneDrive\Code\PythonScripts\xvideos_downloader_zstandard.7z","183514","Thu Jan 19 13:02:44 2023","Sun Jun 18 01:20:58 2023","Fri Apr 28 22:52:49 2023","04575B8C1AD58A12DE3E3566C2548C20","0","0","33206"
"c_cpp_properties.json","C:\Users\Auime\OneDrive\Code\PythonScripts\.vscode\c_cpp_properties.json","347","Mon Mar 16 13:46:20 2020","Sun Jun 18 01:20:58 2023","Fri Apr 28 22:52:44 2023","2077BA6EF0AE5ACD75D46D64D59134EF","0","0","33206"
"launch.json","C:\Users\Auime\OneDrive\Code\PythonScripts\.vscode\launch.json","647","Mon Mar 16 19:11:22 2020","Sun Jun 18 01:20:58 2023","Fri Apr 28 22:52:44 2023","7A1A09FA4AD549204F6857ACE8EC37CF","0","0","33206"
"settings.json","C:\Users\Auime\OneDrive\Code\PythonScripts\.vscode\settings.json","72","Thu Oct  1 16:33:38 2020","Sun Jun 18 01:20:58 2023","Fri Apr 28 22:52:44 2023","A0C48454618E71B087BD4EF8E9CC9D8B","0","0","33206"
"double_test.cpp","C:\Users\Auime\OneDrive\Code\PythonScripts\C++\double_test.cpp","207","Sat Mar 21 12:22:02 2020","Sun Jun 18 01:20:58 2023","Fri Apr 28 22:52:43 2023","F370181D2616964C51C0BF8E44770DBB","0","0","33206"
"double_test.exe","C:\Users\Auime\OneDrive\Code\PythonScripts\C++\double_test.exe","56179","Sat Mar 21 12:22:05 2020","Sun Jun 18 01:20:58 2023","Fri Apr 28 22:52:43 2023","1593BF5F32F8DAAB36E44B2BC18340A5","0","0","33279"
"leetcode1533.cpp","C:\Users\Auime\OneDrive\Code\PythonScripts\C++\leetcode1533.cpp","1823","Wed Mar 18 18:07:46 2020","Sun Jun 18 01:20:58 2023","Fri Apr 28 22:52:43 2023","E103F9968A51FFB1F2230E7EB888D242","0","0","33206"
"leetcode1533.py","C:\Users\Auime\OneDrive\Code\PythonScripts\C++\leetcode1533.py","1533","Wed Mar 18 18:31:39 2020","Sun Jun 18 01:20:58 2023","Fri Apr 28 22:52:43 2023","0004C1CBDFBD6F834D30E00B160A59A5","0","0","33206"
"show_vector.cpp","C:\Users\Auime\OneDrive\Code\PythonScripts\C++\show_vector.cpp","386","Wed Apr  1 20:41:40 2020","Sun Jun 18 01:20:58 2023","Fri Apr 28 22:52:43 2023","E23BD869D5871DAF2634BDE0AC4AE78C","0","0","33206"
"st.c","C:\Users\Auime\OneDrive\Code\PythonScripts\C++\st.c","1726","Thu Mar 19 18:45:48 2020","Sun Jun 18 01:20:58 2023","Fri Apr 28 22:52:44 2023","78CA91755246F91308FA173C0FCB481B","0","0","33206"
"stack.c","C:\Users\Auime\OneDrive\Code\PythonScripts\C++\stack.c","373","Mon Mar 16 19:12:30 2020","Sun Jun 18 01:20:58 2023","Fri Apr 28 22:52:44 2023","FF941E1EA3D0F20BB5B01425C4AD1375","0","0","33206"
"vector.cpp","C:\Users\Auime\OneDrive\Code\PythonScripts\C++\vector.cpp","886","Fri Mar 20 21:05:42 2020","Sun Jun 18 01:20:58 2023","Fri Apr 28 22:52:44 2023","85EBD47274E739DB39BDFCC6E25F5E2E","0","0","33206"
"vector.exe","C:\Users\Auime\OneDrive\Code\PythonScripts\C++\vector.exe","87473","Fri Mar 20 21:05:45 2020","Sun Jun 18 01:20:58 2023","Fri Apr 28 22:52:44 2023","E7C95F5F2C4129662FA40D91D09C633F","0","0","33279"
"1000.cpp","C:\Users\Auime\OneDrive\Code\PythonScripts\C++\peking_university_oj\1000.cpp","138","Fri Mar 20 11:46:26 2020","Sun Jun 18 01:20:58 2023","Fri Apr 28 22:52:43 2023","75F52EEC24DA6C967767FF62E904FC93","0","0","33206"
"1001.cpp","C:\Users\Auime\OneDrive\Code\PythonScripts\C++\peking_university_oj\1001.cpp","321","Fri Mar 20 13:06:13 2020","Sun Jun 18 01:20:58 2023","Fri Apr 28 22:52:43 2023","BE49A9262F4CF70639C16159C54C9805","0","0","33206"
"1001.exe","C:\Users\Auime\OneDrive\Code\PythonScripts\C++\peking_university_oj\1001.exe","60201","Sat Mar 21 11:31:25 2020","Sun Jun 18 01:20:58 2023","Fri Apr 28 22:52:43 2023","9439DF96D6A5259BBBBEA3983C42B946","0","0","33279"
"preorder_thread_binary_tree____find_pre.cpp","C:\Users\Auime\OneDrive\Code\PythonScripts\data_structure\preorder_thread_binary_tree____find_pre.cpp","383","Wed Mar 25 20:01:07 2020","Sun Jun 18 01:20:58 2023","Fri Apr 28 22:52:43 2023","926AF3C1CAC4FC8301BA491122F9AB5D","0","0","33206"
"douban_short_comments.py","C:\Users\Auime\OneDrive\Code\PythonScripts\details for demoncracy\douban_short_comments.py","2537","Fri Jul 31 01:54:39 2020","Sun Jun 18 01:20:58 2023","Fri Apr 28 22:52:43 2023","7C82FD9A08FE6DF947782D914C3AB616","0","0","33206"
"exp1lsb.py","C:\Users\Auime\OneDrive\Code\PythonScripts\DigitalForensics\exp1lsb.py","2469","Sat Jun 17 23:47:02 2023","Sun Jun 18 01:20:58 2023","Sat Jun 17 21:43:05 2023","D6E2E06D3355E46816CA3E12982264C7","0","0","33206"
"exp1rsa.py","C:\Users\Auime\OneDrive\Code\PythonScripts\DigitalForensics\exp1rsa.py","2798","Sat Jun 17 23:52:49 2023","Sun Jun 18 01:20:58 2023","Sat Jun 17 21:24:27 2023","C2839FE85CC165A86394DE88DA2235CB","0","0","33206"
"exp2.docx","C:\Users\Auime\OneDrive\Code\PythonScripts\DigitalForensics\exp2.docx","20480","Sun Jun 18 00:35:58 2023","Sun Jun 18 01:20:58 2023","Sun Jun 18 00:34:30 2023","7ACE5E45312909653EFA051FF0B2ABFB","0","0","33206"
"exp2.zip","C:\Users\Auime\OneDrive\Code\PythonScripts\DigitalForensics\exp2.zip","479957","Sun Jun 18 00:47:11 2023","Sun Jun 18 01:20:58 2023","Sun Jun 18 00:47:11 2023","AAAABA0229D34DB16914DC95610F834B","0","0","33206"
"exp2office.py","C:\Users\Auime\OneDrive\Code\PythonScripts\DigitalForensics\exp2office.py","619","Sun Jun 18 00:48:05 2023","Sun Jun 18 01:20:58 2023","Sun Jun 18 00:28:44 2023","7FA751254058BC3798ED2466B45F82B8","0","0","33206"
"exp2zip.py","C:\Users\Auime\OneDrive\Code\PythonScripts\DigitalForensics\exp2zip.py","440","Sun Jun 18 00:47:33 2023","Sun Jun 18 01:20:58 2023","Sun Jun 18 00:42:58 2023","6925EDDD7B336CE3CCC63D2BE36BFE0D","0","0","33206"
"Lenna_(test_image).png","C:\Users\Auime\OneDrive\Code\PythonScripts\DigitalForensics\Lenna_(test_image).png","473831","Sat Jun 17 21:45:34 2023","Sun Jun 18 01:20:58 2023","Sat Jun 17 21:45:34 2023","814A0034F5549E957EE61360D87457E5","0","0","33206"
"out_image.png","C:\Users\Auime\OneDrive\Code\PythonScripts\DigitalForensics\out_image.png","479785","Sun Jun 18 00:48:26 2023","Sun Jun 18 01:20:58 2023","Sat Jun 17 23:45:23 2023","1F9A0ED50BFA22FF744C607A57AB56FC","0","0","33206"
"pfish.py","C:\Users\Auime\OneDrive\Code\PythonScripts\DigitalForensics\pfish.py","2275","Sat May 14 23:53:12 2022","Sun Jun 18 01:20:58 2023","Sun Jun 18 01:17:23 2023","A7F313353EDB8E528FE8FFE7612C071C","0","0","33206"
"pFishLog.log","C:\Users\Auime\OneDrive\Code\PythonScripts\DigitalForensics\pFishLog.log","3228","Sun Jun 18 01:20:58 2023","Sun Jun 18 01:20:58 2023","Sun Jun 18 01:16:19 2023","E13089FAC7C06821654B029461C59DAC","0","0","33206"
"_pfish.py","C:\Users\Auime\OneDrive\Code\PythonScripts\DigitalForensics\_pfish.py","12978","Sat May 14 23:20:34 2022","Sun Jun 18 01:20:58 2023","Sun Jun 18 01:17:23 2023","F2D9CC1B0E68571E5C0D3F9D22D7366F","0","0","33206"
"_pfish.cpython-311.pyc","C:\Users\Auime\OneDrive\Code\PythonScripts\DigitalForensics\__pycache__\_pfish.cpython-311.pyc","9568","Sun Jun 18 01:17:57 2023","Sun Jun 18 01:20:58 2023","Sun Jun 18 01:17:57 2023","379B2832807B79303722C61B3567FCDC","0","0","33206"
